region,apr_sales,may_sales,jun_sales,apr_may_change_pct,may_jun_change_pct
Bengaluru,203505.48,172929.68,170294.11,-15.02,-1.52
Guntur,62442.27,138738.93,99745.18,122.19,-28.11
Hyderabad,209670.15,243825.28,294088.56,16.29,20.61
Karimnagar,49815.71,61585.9,34490.58,23.63,-44.0
Kurnool,0.0,0.0,0.0,0.0,0.0
Nellore,85623.19,91184.86,94393.62,6.5,3.52
Tirupati,54582.74,91083.2,75530.99,66.87,-17.07
Vijayawada,171334.19,174863.57,153849.68,2.06,-12.02
Visakhapatnam,134765.29,50590.08,100735.57,-62.46,99.12
Warangal,100468.14,78339.23,66715.24,-22.03,-14.84
