region,month,sales_inr,profit_inr,order_count
Hyderabad,2026-04,209670.15,30501.06,158
Hyderabad,2026-05,243825.28,34368.01,145
Hyderabad,2026-06,294088.56,43818.01,216
Warangal,2026-04,100468.14,16107.37,64
Warangal,2026-05,78339.23,11956.71,75
Warangal,2026-06,66715.24,10736.16,56
Vijayawada,2026-04,171334.19,26670.72,97
Vijayawada,2026-05,174863.57,25432.14,92
Vijayawada,2026-06,153849.68,23708.57,95
Visakhapatnam,2026-04,134765.29,19872.670000000002,91
Visakhapatnam,2026-05,50590.08,7899.72,33
Visakhapatnam,2026-06,100735.57,16437.66,52
Guntur,2026-04,62442.270000000004,9816.28,51
Guntur,2026-05,138738.93,19676.92,77
Guntur,2026-06,99745.18,15541.68,62
Nellore,2026-04,85623.19,13511.07,54
Nellore,2026-05,91184.86,13752.83,64
Nellore,2026-06,94393.62,13313.27,46
Tirupati,2026-04,54582.74,8779.8,43
Tirupati,2026-05,91083.2,13383.43,58
Tirupati,2026-06,75530.99,11377.44,50
Karimnagar,2026-04,49815.71,7672.13,29
Karimnagar,2026-05,61585.9,9349.34,38
Karimnagar,2026-06,34490.58,5443.9,22
Bengaluru,2026-04,203505.48,31367.49,113
Bengaluru,2026-05,172929.68,25158.41,118
Bengaluru,2026-06,170294.11,26626.8,101
Kurnool,2026-04,0.0,0.0,0
Kurnool,2026-05,0.0,0.0,0
Kurnool,2026-06,0.0,0.0,0
